,title,categoryName,city,website
0,AI Company India,Software company,Bengaluru,https://aicompanyindia.com/
1,AI Software LLC,Software company,Ahmedabad,https://www.aisoftwarellc.com/
2,TECH AI INC,Software company,Bengaluru,https://www.techaiinc.com/
3,Indian AI Production,Software company,Hyderabad,http://www.indianaiproduction.com/
4,AI Lead Vision Pvt. Ltd,Software company,Bengaluru,http://aileadvision.com/
5,Ai India Innovations | Top Artificial Intelligence (AI) Company,Software company,Pune,https://www.aiindia.ai/
6,AI SCIENCES INC,Information services,Navi Mumbai,
7,Deepen AI India,Software company,Hyderabad,http://www.deepen.ai/
8,AI Labs Pvt Ltd,Software company,Hyderabad,https://ailabs.in/
9,fxis.ai – The Original AI Company,Software company,Ahmedabad,https://fxis.ai/
10,AIBridge ML Pvt Ltd,Software company,Hyderabad,http://aibridgeml.com/
11,9AI,Software company,Udaipur,https://9ai.in/
12,Web To AI,Software company,Ahmedabad,https://webtoai.tech/
13,Smart Route Ride AI Solution,Software company,Pune,
14,A I industrial estate,Warehouse,Shivare,
15,Ai Technologies Pvt.ltd,Software company,Hyderabad,http://www.aitechnologiess.com/
16,Ai construction,Waterproofing service,"Panaji, Mersi Tem",
17,"Neuramonks-AI/Machine Learning, Web App Development Agency",Software company,Ahmedabad,https://www.neuramonks.com/
18,AP-GROUP - Product Development | AI | DevOps & Colud | IoT,Software company,Ahmedabad,http://www.ap-group.io/
19,Hub-AI Technologies Private Limited,Software company,Mumbai,https://hubai.in/
20,Adagrad AI,Corporate office,Pune,http://www.adagrad.ai/
21,EVOLVE ROBOT LAB || Robotics & Artificial Intelligence Company ||,Research foundation,Chennai,https://evolverobot.in/
22,SALI AI,Software company,Pune,https://www.saliai.in/
23,Tor.ai Limited (Formerly Kloudq Technologies Limited),Software company,Pune,https://www.tor.ai/
24,Cosmos AI,Software company,Panaji,
25,Ai Agency - The Bunny Tech,Consultant,"Valpoy, Naguem",https://www.thebunnytech.com/
26,AiTechnology Solutions,Software company,"Holkarwadi, Pune",
27,AIS | Applied InSights,Software company,Pune,https://appliedinsights.in/
28,Whiz IT Services IT Consulting | AI & Software Development in Pune,Software company,Pune,https://whizitglobal.com/
29,ARIORK AI SYSTEMS,Software company,Pune,https://ariork.com/
30,ANTARGYAN AI PRIVATE LIMITED,Software company,Pune,https://antargyan.ai/
31,Creative AI,Software company,Indore,https://www.creativethoughts.ai/
32,Nooral.AI - Data & AI Company,Software company,Satara,https://nooral.ai/
33,Inaiways Technology Pvt Ltd | AI-Powered Marketing Technology Company,Software company,Pune,https://www.inaiways.com/
34,Tntra - AI-First & IP-Enabled Innovation Ecosystem,Software company,Vadodara,https://www.tntra.io/
35,Advik AI: AI Development Company,Software company,Ahmedabad,https://advikai.com/
36,Openxcell - AI Development Company,Software company,Ahmedabad,https://www.openxcell.com/
37,Softvan Limited,Software company,Ahmedabad,http://www.softvan.in/
38,Nivalabs AI Pvt Ltd,Software company,Ahmedabad,https://www.nivalabs.ai/
39,TurboAutomation - AI AUTOMATION AGENCY,Software company,Ahmedabad,https://turboautomation.co/
40,Applied AI Consulting LLP,Software company,Pune,https://appliedaiconsulting.com/
41,HData Systems - Data Science & Business Intelligence Company,Software company,Ahmedabad,https://www.hdatasystems.com/
42,Optimity Logics – Redefining Software Excellence with AI-Driven Innovation,Software company,Ahmedabad,https://optimitylogics.com/
43,Citrusbug Technolabs | AI Engineering & Custom Software Experts,Software company,Ahmedabad,https://citrusbug.com/
44,"Dynamic Edge Creative - AI, IoT, Mobile & Product Development Company",Software company,Ahmedabad,https://www.dynamicedgecreative.com/
45,Theoddcoders Technologies - AI Development Company,Software company,Ahmedabad,https://www.theoddcoders.com/?utm_source=googlemybusiness&utm_medium=organic
46,MindInventory - Empowering Next Gen Software with AI Solutions,Software company,Ahmedabad,https://www.mindinventory.com/
47,SiteOnAI - AI Development Company,Software company,Ahmedabad,https://www.siteonai.com/
48,"ArgoScape Pvt. Ltd. - AI Software, Service and Training Provider",Software company,Gandhinagar,https://argoscapeai.com/
49,Mindcrew Technologies- Salesforce Consulting | SAP Consulting | AI/ML Solution | Digital Marketing,Software company,Indore,https://mindcrewtech.com/
50,COGNYX AI : Top AI Development Company | Generative AI Consulting | AI Agents | AI Automation,Software company,Ahmedabad,https://www.cognyx.ai/
51,Shital AI,Software company,Ahmedabad,https://www.shitalai.com/
52,Einnosys: Advanced SECS/GEM Solutions & AI/ML Innovations for Semiconductor Factory Automation,Software company,Ahmedabad,https://www.einnosys.com/
53,"Treesha Infotech – AI, Digital Transformation & App Development Company",Software company,Ahmedabad,https://www.treeshainfotech.com/
54,Aigentora,Software company,Ahmedabad,https://aigentora.ai/
55,1 Loyalty.ai,Software company,Ahmedabad,https://www.1loyalty.ai/
56,Shaip,Software company,Ahmedabad,https://www.shaip.com/?utm_source=google&utm_medium=gmbclick&utm_id=gmb
57,UMANG AI ~ Artificial Intelligence division,Software company,Madgaon,https://www.umangsoftware.ai/
58,SPlus AI pvt Ltd,Software company,Ahmedabad,
59,Floatbot.AI India Pvt Ltd,Software company,Bhavnagar,https://floatbot.ai/contact
60,Nexgits Private Limited,Software company,Ahmedabad,https://nexgits.com/
61,NXON AI PRIVATE LIMITED,Software company,Ahmedabad,https://www.nxon.io/
62,Intency - Automation & AI Company,Automation company,Ahmedabad,https://intency.in/
63,73Lines - AI Driven Solutions,Software company,Ahmedabad,https://73lines.com/
64,Webify AI Technologies,Software company,Ahmedabad,https://webify.ai/
65,Codiste - A Blockchain and AI Development Company IN,Software company,Ahmedabad,https://codiste.com/
66,AI Infinite Technology (Software Company & Digital Advertising Agency Business Solutions) Chhindwara,Information and referral services,Chhindwara,https://www.aiinfinite.world/
67,Rubixe - AI Company In Ahmedabad,Software company,Ahmedabad,https://rubixe.com/
68,Rainstream Technologies - AI Driven Custom Software Development Company,Software company,Ahmedabad,http://rainstreamweb.com/
69,CMARIX - Leading the AI Revolution,Software company,Ahmedabad,https://www.cmarix.com/
70,Top AI and Mobile App Development company - Fusion Informatics,Software company,Ahmedabad,https://www.fusioninformatics.com/
71,neesac.ai,Software company,"Ahmedabad, Sarkhej-Okaf",https://neesac.ai/
72,NITSAN (AI Development Company),Software company,Bhavnagar,https://nitsantech.com/
73,Techicom - Software Development & AI Solutions,Software company,Vadodara,https://www.techicom.com/
74,HemansAI,Software company,Indore,https://hemansai.com/
75,Innovatics - Advanced Data Analytics and AI Solution Company,Software company,Ahmedabad,https://teaminnovatics.com/
76,Kipps.AI,Software company,Udaipur,https://www.kipps.ai/
77,KONCPT AI,Software company,Ahmedabad,https://koncpt.ai/
78,"Top Custom Software Development Company | AI, IoT & IT Solutions – Hiteshi",Software company,Indore,https://www.hiteshi.com/
79,ENTELIPRO AI TECHNOLOGIES PRIVATE LIMITED,Software company,Indore,https://www.entelipro.com/
80,eSparkBiz - Next-Gen SaaS & AI Software Development Company,Software company,Ahmedabad,https://www.esparkinfo.com/
81,AIVHUB India Pvt. Ltd.,Software company,Vadodara,https://www.aivhub.com/
82,Genesis Artificial Intelligence Private Limited,Research foundation,Ahmedabad,https://www.glib.ai/
83,Intellekt AI,Software company,Vadodara,https://www.intellektai.com/
84,AI INTEGRATORZ TECHNOLOGIES,Software company,Indore,https://www.aiintegratorz.com/
85,AWNI.AI,Software company,Bhopal,https://awni.ai/
86,SculptSoft | AI Software Development Company,Software company,Ahmedabad,https://www.sculptsoft.com/
87,Elicit Digital- AI-Driven Mobile App & Web Development Company | Indore,Software company,Indore,https://elicit.digital/?utm_source=googlelisting&utm_medium=offpage&utm_id=seo
88,Lumio AI,Software company,"Indore, Badia Keema",https://www.lumioai.tech/
89,Sentiment AI,Software company,Vadodara,https://sentiimenta-ai.com/
90,Brainy Neurals - AI Software Company,Software company,Ahmedabad,https://www.brainyneurals.com/?utm_source=google-business-profile&utm_medium=google-business-profile-listing&utm_campaign=google-local
91,Advantal Technologies Ltd | Custom Software Development Company | Staff Augmentation | AI | Blockchain | Flutter,Software company,Indore,https://advantaltechnologies.com/
92,Arth.AI - Your Complete AI Solutions,Software company,Vadodara,https://www.arthvalaportfolio.vercel.app/
